profile,seed,hard_violations,feasible,total_soft_score,runtime_seconds,S1_normalized,S1_weighted,S1_contribution_pct,S2_normalized,S2_weighted,S2_contribution_pct,S3_normalized,S3_weighted,S3_contribution_pct,S4_normalized,S4_weighted,S4_contribution_pct,S5_normalized,S5_weighted,S5_contribution_pct,S6_normalized,S6_weighted,S6_contribution_pct,S7_normalized,S7_weighted,S7_contribution_pct,S6_mismatches,S7_mismatches,campus_mismatches_combined,room_waste_raw_ratio_sum,room_waste_normalized,S6_S7_combined_contribution_pct
student-centric,41,0,True,6.590734362889025,5.917854748957325,0.4166666666666667,2.5,37.932040078522206,0.02531645569620253,0.10126582278481013,1.536487699383178,0.3870967741935484,1.935483870967742,29.366740705952676,0.2290796210957502,0.4581592421915004,6.951565894861342,0.058823529411764705,0.1764705882352941,2.6775557702486257,0.1774193548387097,0.532258064516129,8.075853694136985,0.1774193548387097,0.8870967741935485,13.459756156894978,11.0,11.0,22.0,14.202936507936512,0.2290796210957502,21.535609851031964
balanced,41,0,True,6.654033675450366,5.861754729994573,0.36666666666666664,1.8333333333333333,27.552210024083585,0.14556962025316456,0.5822784810126582,8.75075945529007,0.3548387096774194,1.4193548387096775,21.33074324445181,0.25697388632872514,1.0278955453149006,15.447705789456037,0.05263157894736842,0.21052631578947367,3.163890146306249,0.22580645161290322,0.6774193548387096,10.180582003033818,0.22580645161290322,0.9032258064516129,13.574109337378424,14.0,14.0,28.0,15.932380952380958,0.25697388632872514,23.754691340412244
resource-centric,41,0,True,6.573086196503917,5.956347758008633,0.4166666666666667,1.25,19.0169421582338,0.0759493670886076,0.22784810126582278,3.4663793301084396,0.5,1.5,22.82033058988056,0.23468509984639016,2.3468509984639017,35.70394375342501,0.05,0.2,3.042710745317408,0.20967741935483872,0.41935483870967744,6.37987736921392,0.20967741935483872,0.6290322580645161,9.56981605382088,13.0,13.0,26.0,14.55047619047619,0.23468509984639016,15.9496934230348
student-centric,42,0,True,7.222169043815473,5.828734952956438,0.5,3.0,41.5387673952187,0.12025316455696203,0.4810126582278481,6.660224308094138,0.2903225806451613,1.4516129032258065,20.09940357833163,0.22711469534050183,0.45422939068100365,6.289376334523377,0.05263157894736842,0.15789473684210525,2.1862509155378262,0.20967741935483872,0.6290322580645161,8.709741550610373,0.20967741935483872,1.0483870967741935,14.516235917683954,13.0,13.0,26.0,14.081111111111113,0.22711469534050183,23.225977468294325
balanced,42,0,True,6.872628218838917,5.895599304989446,0.43333333333333335,2.166666666666667,31.526027564353104,0.1518987341772152,0.6075949367088608,8.84079448737458,0.41935483870967744,1.6774193548387097,24.40724714659595,0.23830133128520228,0.9532053251408091,13.86958954840491,0.0,0.0,0.0,0.20967741935483872,0.6290322580645161,9.152717679973481,0.20967741935483872,0.8387096774193549,12.203623573297975,13.0,13.0,26.0,14.77468253968254,0.23830133128520228,21.356341253271456
resource-centric,42,0,True,6.2417225689785925,5.904923828027677,0.4,1.2000000000000002,19.22546198967588,0.0949367088607595,0.2848101265822785,4.563005219068642,0.3709677419354839,1.1129032258064515,17.83006555494134,0.24343317972350234,2.4343317972350236,39.00096119833442,0.0,0.0,0.0,0.24193548387096775,0.4838709677419355,7.752202415191887,0.24193548387096775,0.7258064516129032,11.62830362278783,15.0,15.0,30.0,15.092857142857145,0.24343317972350234,19.380506037979714
student-centric,43,0,True,7.4427998694740225,5.967494836018886,0.3333333333333333,2.0,26.871607930811372,0.11392405063291139,0.45569620253164556,6.122644844994997,0.3709677419354839,1.8548387096774195,24.92124929067184,0.23176523297491047,0.46353046594982095,6.22790447249495,0.11538461538461539,0.34615384615384615,4.650855218794276,0.2903225806451613,0.870967741935484,11.702151840837212,0.2903225806451613,1.4516129032258065,19.503586401395353,18.0,18.0,36.0,14.369444444444449,0.23176523297491047,31.205738242232563
balanced,43,0,True,7.0784363146876315,6.031152113981079,0.4666666666666667,2.3333333333333335,32.963965904329854,0.0379746835443038,0.1518987341772152,2.145936297569394,0.3387096774193548,1.3548387096774193,19.1403672992883,0.2488952892985152,0.9955811571940608,14.064987137459262,0.05263157894736842,0.21052631578947367,2.9741924124207384,0.2903225806451613,0.870967741935484,12.304521835256766,0.2903225806451613,1.1612903225806452,16.40602911367569,18.0,18.0,36.0,15.431507936507943,0.2488952892985152,28.710550948932458
resource-centric,43,0,True,6.430254126908041,6.019190602004528,0.38333333333333336,1.1500000000000001,17.884207642551953,0.15822784810126583,0.4746835443037975,7.382033974636193,0.41935483870967744,1.2580645161290323,19.564771334068052,0.2393228366615464,2.393228366615464,37.21825482138817,0.08695652173913043,0.34782608695652173,5.409212141414578,0.16129032258064516,0.3225806451612903,5.016608034376423,0.16129032258064516,0.4838709677419355,7.524912051564636,10.0,10.0,20.0,14.838015873015877,0.2393228366615464,12.541520085941059
