section_id,course_id,lecturer_id,student_group_id,room_id,day,start_period,end_period,start_time,end_time,duration_periods,session,room_type
LHP35,JAVA101,GV09,SV_CNTT3,P101,Thứ 2,1,2,07:00,08:40,2,morning,NORMAL
LHP07,ML201,GV02,SV_CNTT2,P103,Thứ 2,1,2,07:00,08:40,2,morning,NORMAL
LHP30,IS101,GV08,SV_ATTT1,P202,Thứ 2,1,2,07:00,08:40,2,morning,NORMAL
LHP19,DM101,GV05,SV_HTTT1,P301,Thứ 2,1,2,07:00,08:40,2,morning,NORMAL
LHP38,SE101,GV10,SV_KHMT2,P302,Thứ 2,1,3,07:00,09:35,3,morning,LAB
LHP57,CLOUD101,GV15,SV_TTNT1,P102,Thứ 2,2,5,07:50,11:25,4,morning,NORMAL
LHP24,DB101,GV06,SV_KTPM1,P103,Thứ 2,3,4,08:45,10:30,2,morning,NORMAL
LHP54,IMG101,GV14,SV_ATTT2,P201,Thứ 2,3,6,08:45,12:15,4,morning,NORMAL
LHP46,DB201,GV12,SV_KTPM2,P302,Thứ 2,4,6,09:40,12:15,3,morning,LAB
LHP60,NLP101,GV15,SV_TTNT1,P101,Thứ 2,7,10,12:30,16:00,4,afternoon,NORMAL
LHP25,NET101,GV07,SV_KTPM1,P102,Thứ 2,7,8,12:30,14:10,2,afternoon,NORMAL
LHP41,CS101,GV11,SV_HTTT2,P302,Thứ 2,8,10,13:20,16:00,3,afternoon,LAB
LHP31,CO101,GV08,SV_CNTT3,P101,Thứ 3,1,2,07:00,08:40,2,morning,NORMAL
LHP51,CO101,GV13,SV_ATTT2,P201,Thứ 3,1,3,07:00,09:35,3,morning,NORMAL
LHP36,OS101,GV09,SV_KHMT2,P202,Thứ 3,2,3,07:50,09:35,2,morning,NORMAL
LHP11,CO101,GV03,SV_KHMT1,P102,Thứ 3,3,4,08:45,10:30,2,morning,NORMAL
LHP49,CG101,GV13,SV_KTPM2,P101,Thứ 3,4,6,09:40,12:15,3,morning,NORMAL
LHP43,AI201,GV11,SV_HTTT2,P302,Thứ 3,4,6,09:40,12:15,3,morning,LAB
LHP23,AI201,GV06,SV_KTPM1,P102,Thứ 3,5,6,10:35,12:15,2,morning,NORMAL
LHP34,IMG101,GV09,SV_CNTT3,P102,Thứ 3,8,9,13:20,15:05,2,afternoon,NORMAL
LHP01,CS101,GV01,SV_CNTT1,P201,Thứ 3,8,9,13:20,15:05,2,afternoon,NORMAL
LHP56,OS101,GV14,SV_TTNT1,P101,Thứ 3,9,12,14:15,17:45,4,afternoon,NORMAL
LHP18,SE101,GV05,SV_HTTT1,P301,Thứ 4,3,4,08:45,10:30,2,morning,NORMAL
LHP47,ML201,GV12,SV_KTPM2,P102,Thứ 4,7,9,12:30,15:05,3,afternoon,NORMAL
LHP44,DB101,GV11,SV_HTTT2,LAB01,Thứ 4,8,10,13:20,16:00,3,afternoon,LAB
LHP08,MATH101,GV02,SV_CNTT2,P103,Thứ 4,8,9,13:20,15:05,2,afternoon,NORMAL
LHP53,WEB101,GV14,SV_ATTT2,P201,Thứ 4,8,11,13:20,16:55,4,afternoon,NORMAL
LHP04,DB101,GV01,SV_CNTT1,P202,Thứ 4,8,9,13:20,15:05,2,afternoon,NORMAL
LHP33,WEB101,GV09,SV_CNTT3,P101,Thứ 4,9,10,14:15,16:00,2,afternoon,NORMAL
LHP40,NLP101,GV10,SV_KHMT2,P302,Thứ 4,9,11,14:15,16:55,3,afternoon,LAB
LHP50,IS101,GV13,SV_KTPM2,P102,Thứ 4,10,12,15:10,17:45,3,afternoon,NORMAL
LHP13,WEB101,GV04,SV_KHMT1,P102,Thứ 4,13,14,18:00,19:40,2,evening,NORMAL
LHP59,DM101,GV15,SV_TTNT1,P103,Thứ 4,13,16,18:00,21:25,4,evening,NORMAL
LHP37,CLOUD101,GV10,SV_KHMT2,P302,Thứ 5,1,3,07:00,09:35,3,morning,LAB
LHP03,AI201,GV01,SV_CNTT1,P201,Thứ 5,2,3,07:50,09:35,2,morning,NORMAL
LHP48,MATH101,GV12,SV_KTPM2,P102,Thứ 5,4,6,09:40,12:15,3,morning,NORMAL
LHP02,CS102,GV01,SV_CNTT1,P201,Thứ 5,4,5,09:40,11:25,2,morning,NORMAL
LHP32,SEC101,GV08,SV_CNTT3,P101,Thứ 5,7,8,12:30,14:10,2,afternoon,NORMAL
LHP52,SEC101,GV13,SV_ATTT2,P201,Thứ 5,8,11,13:20,16:55,4,afternoon,NORMAL
LHP26,DB201,GV07,SV_ATTT1,P202,Thứ 5,8,9,13:20,15:05,2,afternoon,NORMAL
LHP39,DM101,GV10,SV_KHMT2,P302,Thứ 5,9,11,14:15,16:55,3,afternoon,LAB
LHP14,IMG101,GV04,SV_KHMT1,P102,Thứ 5,14,15,18:50,20:35,2,evening,NORMAL
LHP28,MATH101,GV07,SV_ATTT1,P202,Thứ 5,14,15,18:50,20:35,2,evening,NORMAL
LHP05,NET101,GV02,SV_CNTT1,P201,Thứ 5,15,16,19:45,21:25,2,evening,NORMAL
LHP29,CG101,GV08,SV_ATTT1,P202,Thứ 6,2,3,07:50,09:35,2,morning,NORMAL
LHP17,CLOUD101,GV05,SV_HTTT1,P301,Thứ 6,2,3,07:50,09:35,2,morning,NORMAL
LHP12,SEC101,GV03,SV_KHMT1,P102,Thứ 6,5,6,10:35,12:15,2,morning,NORMAL
LHP10,IS101,GV03,SV_CNTT2,P103,Thứ 6,7,8,12:30,14:10,2,afternoon,NORMAL
LHP22,CS102,GV06,SV_KTPM1,P102,Thứ 6,8,9,13:20,15:05,2,afternoon,NORMAL
LHP55,JAVA101,GV14,SV_ATTT2,P201,Thứ 6,8,11,13:20,16:55,4,afternoon,NORMAL
LHP42,CS102,GV11,SV_HTTT2,P302,Thứ 6,9,11,14:15,16:55,3,afternoon,LAB
LHP09,CG101,GV03,SV_CNTT2,P103,Thứ 6,11,12,16:05,17:45,2,afternoon,NORMAL
LHP06,DB201,GV02,SV_CNTT2,P103,Thứ 6,14,15,18:50,20:35,2,evening,NORMAL
LHP21,CS101,GV06,SV_KTPM1,P102,Thứ 6,15,16,19:45,21:25,2,evening,NORMAL
LHP16,OS101,GV04,SV_HTTT1,P301,Thứ 7,3,4,08:45,10:30,2,morning,NORMAL
LHP15,JAVA101,GV04,SV_KHMT1,P102,Thứ 7,8,9,13:20,15:05,2,afternoon,NORMAL
LHP58,SE101,GV15,SV_TTNT1,P103,Thứ 7,9,12,14:15,17:45,4,afternoon,NORMAL
LHP20,NLP101,GV05,SV_HTTT1,P301,Thứ 7,10,11,15:10,16:55,2,afternoon,NORMAL
LHP45,NET101,GV12,SV_HTTT2,P302,Thứ 7,14,16,18:50,21:25,3,evening,LAB
LHP27,ML201,GV07,SV_ATTT1,P202,Thứ 7,15,16,19:45,21:25,2,evening,NORMAL
